{
  "project_info": {
    "project_number": "654403260263",
    "firebase_url": "https://fir-emailaccount-38eb9-default-rtdb.firebaseio.com",
    "project_id": "fir-emailaccount-38eb9",
    "storage_bucket": "fir-emailaccount-38eb9.appspot.com"
  },
  "client": [
    {
      "client_info": {
        "mobilesdk_app_id": "1:654403260263:android:8a1b231bff70ac5a3ee9c2",
        "android_client_info": {
          "package_name": "com.example.mycapstoneui"
        }
      },
      "oauth_client": [
        {
          "client_id": "654403260263-an9a6efj8m4ov9ljkdahvtv399i3vuhg.apps.googleusercontent.com",
          "client_type": 3
        }
      ],
      "api_key": [
        {
          "current_key": "AIzaSyCUIOvJR2bIkxVMHrpsoVnj-kPqvTwyPP4"
        }
      ],
      "services": {
        "appinvite_service": {
          "other_platform_oauth_client": [
            {
              "client_id": "654403260263-an9a6efj8m4ov9ljkdahvtv399i3vuhg.apps.googleusercontent.com",
              "client_type": 3
            }
          ]
        }
      }
    },
    {
      "client_info": {
        "mobilesdk_app_id": "1:654403260263:android:571b32013d9c9ef43ee9c2",
        "android_client_info": {
          "package_name": "com.sample.mainactivity"
        }
      },
      "oauth_client": [
        {
          "client_id": "654403260263-an9a6efj8m4ov9ljkdahvtv399i3vuhg.apps.googleusercontent.com",
          "client_type": 3
        }
      ],
      "api_key": [
        {
          "current_key": "AIzaSyCUIOvJR2bIkxVMHrpsoVnj-kPqvTwyPP4"
        }
      ],
      "services": {
        "appinvite_service": {
          "other_platform_oauth_client": [
            {
              "client_id": "654403260263-an9a6efj8m4ov9ljkdahvtv399i3vuhg.apps.googleusercontent.com",
              "client_type": 3
            }
          ]
        }
      }
    }
  ],
  "configuration_version": "1"
}